,equity
0,10000.0
1,10000.0
2,10000.0
3,10000.0
4,10000.0
5,10000.0
6,10000.0
7,10000.0
8,10000.0
9,10000.0
10,10000.0
11,10000.0
12,10000.0
13,10000.0
14,10000.0
15,10000.0
16,10000.0
17,10000.0
18,10000.0
19,10000.0
20,10000.0
21,10000.0
22,10000.0
23,10000.0
24,10000.0
25,10000.0
26,10000.0
27,10000.0
28,10000.0
29,10000.0
30,10000.0
31,10000.0
32,10000.0
33,10000.0
34,10000.0
35,10000.0
36,10000.0
37,10000.0
38,10000.0
39,10000.0
40,10000.0
41,10000.0
42,10000.0
43,10000.0
44,10000.0
45,10000.0
46,10000.0
47,10000.0
48,10000.0
49,10000.0
50,10000.0
51,10000.0
52,10000.0
53,10000.0
54,10000.0
55,10000.0
56,10000.0
57,10000.0
58,10000.0
59,10000.0
60,10000.0
61,10000.0
62,10000.0
63,10000.0
64,10000.0
65,10000.0
66,10000.0
67,10000.0
68,10000.0
69,10000.0
70,10000.0
71,10000.0
72,10000.0
73,10000.0
74,10000.0
75,10000.0
76,10000.0
77,10000.0
78,10000.0
79,10000.0
80,10000.0
81,10000.0
82,10000.0
83,10000.0
84,10000.0
85,10000.0
86,10000.0
87,10000.0
88,10000.0
89,10000.0
90,10000.0
91,10000.0
92,10000.0
93,10000.0
94,10000.0
95,10000.0
96,10000.0
97,10000.0
98,10000.0
99,10000.0
100,10000.0
101,10000.0
102,10000.0
103,10000.0
104,10000.0
105,10000.0
106,10000.0
107,10000.0
108,10000.0
109,10000.0
110,10000.0
111,10000.0
112,10000.0
113,10000.0
114,10000.0
115,10000.0
116,10000.0
117,10000.0
118,10000.0
119,10000.0
120,10000.0
121,10000.0
122,10000.0
123,10000.0
124,10000.0
125,10000.0
126,10000.0
127,10000.0
128,10000.0
129,10000.0
130,10000.0
131,10000.0
132,10000.0
133,10000.0
134,10000.0
135,10000.0
136,10000.0
137,10000.0
138,10000.0
139,10000.0
140,10000.0
141,10000.0
142,10000.0
143,10000.0
144,10000.0
145,10000.0
146,10000.0
147,10000.0
148,10000.0
149,10000.0
150,10000.0
151,10000.0
152,10000.0
153,10000.0
154,10000.0
155,10000.0
156,10000.0
157,10000.0
158,10000.0
159,10000.0
160,10000.0
161,10000.0
162,10000.0
163,10000.0
164,10000.0
165,10000.0
166,10000.0
167,10000.0
168,10000.0
169,10000.0
170,10000.0
171,10000.0
172,10000.0
173,10000.0
174,10000.0
175,10000.0
176,10000.0
177,10000.0
178,10000.0
179,10000.0
180,10000.0
181,10000.0
182,10000.0
183,10000.0
184,10000.0
185,10000.0
186,10000.0
187,10000.0
188,10000.0
189,10000.0
190,10000.0
191,10000.0
192,10000.0
193,10000.0
194,10000.0
195,10000.0
196,10000.0
197,10000.0
198,10000.0
199,10000.0
200,10000.0
201,10000.0
202,10000.0
203,10000.0
204,10000.0
205,10000.0
206,10000.0
207,10000.0
208,10000.0
209,10000.0
210,10000.0
211,10000.0
212,10000.0
213,10000.0
214,10000.0
215,10000.0
216,10000.0
217,10000.0
218,10000.0
219,10000.0
220,10000.0
221,10000.0
222,10000.0
223,10000.0
224,10000.0
225,10000.0
226,10000.0
227,10000.0
228,10000.0
229,10000.0
230,10000.0
231,10000.0
232,10000.0
233,10000.0
234,10000.0
235,10000.0
236,10000.0
237,10000.0
238,10000.0
239,10000.0
240,10000.0
241,10000.0
242,10000.0
243,10000.0
244,10000.0
245,10000.0
246,10000.0
247,10000.0
248,10000.0
249,10000.0
250,10000.0
251,10000.0
252,10000.0
253,10000.0
254,10000.0
255,10000.0
256,10000.0
257,10000.0
258,10000.0
259,10000.0
260,10000.0
261,10000.0
262,10000.0
263,10000.0
264,10000.0
265,10000.0
266,10000.0
267,10000.0
268,10000.0
269,10000.0
270,10000.0
271,10000.0
272,10000.0
273,10000.0
274,10000.0
275,10000.0
276,10000.0
277,10000.0
278,10000.0
279,10000.0
280,10000.0
281,10000.0
282,10000.0
283,10000.0
284,10000.0
285,10000.0
286,10000.0
287,10000.0
288,10000.0
289,10000.0
290,10000.0
291,10000.0
292,10000.0
293,10000.0
294,10000.0
295,10000.0
296,10000.0
297,10000.0
298,10000.0
299,10000.0
300,10000.0
301,10000.0
302,10000.0
303,10000.0
304,10000.0
305,10000.0
306,10000.0
307,10000.0
308,10000.0
309,10000.0
310,10000.0
311,10000.0
312,10000.0
313,10000.0
314,10000.0
315,10000.0
316,10000.0
317,10000.0
318,10000.0
319,10000.0
320,10000.0
321,10000.0
322,10000.0
323,10000.0
324,10000.0
325,10000.0
326,9999.830242179563
327,10000.331864094724
328,10002.954412130262
329,10002.813271363259
330,10005.082013827456
331,10004.195115764529
332,10004.893190368897
333,10006.118768707349
334,10006.118768707349
335,10006.118768707349
336,10006.118768707349
337,10006.118768707349
338,10006.118768707349
339,10006.118768707349
340,10006.118768707349
341,10006.118768707349
342,10006.118768707349
343,10006.118768707349
344,10006.118768707349
345,10006.118768707349
346,10006.118768707349
347,10006.118768707349
348,10006.118768707349
349,10006.118768707349
350,10006.118768707349
351,10006.118768707349
352,10006.118768707349
353,10006.118768707349
354,10006.118768707349
355,10006.118768707349
356,10006.118768707349
357,10006.118768707349
358,10006.118768707349
359,10006.118768707349
360,10006.118768707349
361,10006.118768707349
362,10006.118768707349
363,10006.118768707349
364,10006.118768707349
365,10006.118768707349
366,10006.118768707349
367,10006.118768707349
368,10006.118768707349
369,10006.118768707349
370,10006.118768707349
371,10006.118768707349
372,10006.118768707349
373,10006.118768707349
374,10006.118768707349
375,10006.118768707349
376,10006.118768707349
377,10006.118768707349
378,10006.118768707349
379,10006.118768707349
380,10006.118768707349
381,10005.930757695247
382,10010.519773495816
383,10010.519773495816
384,10010.519773495816
385,10010.519773495816
386,10010.519773495816
387,10010.519773495816
388,10010.519773495816
389,10010.519773495816
390,10010.519773495816
391,10010.519773495816
392,10010.519773495816
393,10010.519773495816
394,10010.519773495816
395,10010.519773495816
396,10010.519773495816
397,10010.519773495816
398,10010.519773495816
399,10010.519773495816
400,10010.519773495816
401,10010.519773495816
402,10010.519773495816
403,10010.519773495816
404,10010.519773495816
405,10010.519773495816
406,10010.519773495816
407,10010.519773495816
408,10010.519773495816
409,10010.519773495816
410,10010.519773495816
411,10010.519773495816
412,10010.519773495816
413,10010.519773495816
414,10010.519773495816
415,10010.519773495816
416,10010.519773495816
417,10010.519773495816
418,10010.519773495816
419,10010.519773495816
420,10010.519773495816
421,10010.519773495816
422,10010.519773495816
423,10010.519773495816
424,10010.519773495816
425,10010.519773495816
426,10010.519773495816
427,10010.519773495816
428,10010.519773495816
429,10010.519773495816
430,10010.519773495816
431,10010.519773495816
432,10010.519773495816
433,10010.519773495816
434,10010.519773495816
435,10010.519773495816
436,10010.519773495816
437,10010.519773495816
438,10010.519773495816
439,10010.519773495816
440,10010.519773495816
441,10010.519773495816
442,10010.519773495816
443,10010.519773495816
444,10010.519773495816
445,10010.519773495816
446,10010.519773495816
447,10010.519773495816
448,10010.519773495816
449,10010.519773495816
450,10010.519773495816
451,10010.519773495816
452,10010.519773495816
453,10010.519773495816
454,10010.519773495816
455,10010.519773495816
456,10010.519773495816
457,10010.519773495816
458,10010.519773495816
459,10010.519773495816
460,10010.519773495816
461,10010.519773495816
462,10010.519773495816
463,10010.519773495816
464,10010.519773495816
465,10010.519773495816
466,10010.519773495816
467,10010.519773495816
468,10010.519773495816
469,10010.519773495816
470,10010.519773495816
471,10010.519773495816
472,10010.519773495816
473,10010.519773495816
474,10010.519773495816
475,10010.519773495816
476,10010.519773495816
477,10010.519773495816
478,10010.519773495816
479,10010.519773495816
480,10010.519773495816
481,10010.519773495816
482,10010.519773495816
483,10010.519773495816
484,10010.519773495816
485,10010.519773495816
486,10010.519773495816
487,10010.519773495816
488,10010.519773495816
489,10010.519773495816
490,10010.519773495816
491,10010.519773495816
492,10010.519773495816
493,10010.519773495816
494,10010.519773495816
495,10010.519773495816
496,10010.519773495816
497,10010.519773495816
498,10010.519773495816
499,10010.519773495816
500,10010.519773495816
501,10010.519773495816
502,10010.519773495816
503,10010.519773495816
504,10010.519773495816
505,10010.519773495816
506,10010.519773495816
507,10010.519773495816
508,10010.519773495816
509,10010.519773495816
510,10010.519773495816
511,10010.519773495816
512,10010.519773495816
513,10010.519773495816
514,10010.519773495816
515,10010.519773495816
516,10010.519773495816
517,10010.519773495816
518,10010.519773495816
519,10010.519773495816
520,10010.519773495816
521,10010.519773495816
522,10010.519773495816
523,10010.519773495816
524,10010.519773495816
525,10010.519773495816
526,10010.519773495816
527,10010.519773495816
528,10010.519773495816
529,10010.519773495816
530,10010.519773495816
531,10010.519773495816
532,10010.519773495816
533,10010.519773495816
534,10010.519773495816
535,10010.519773495816
536,10010.519773495816
537,10010.519773495816
538,10010.519773495816
539,10010.519773495816
540,10010.519773495816
541,10010.519773495816
542,10010.519773495816
543,10010.519773495816
544,10010.519773495816
545,10010.519773495816
546,10010.34085529406
547,10012.450643620208
548,10015.050606458328
549,10014.727635885634
550,10014.727635885634
551,10014.727635885634
552,10014.727635885634
553,10014.727635885634
554,10014.727635885634
555,10014.727635885634
556,10014.727635885634
557,10014.727635885634
558,10014.727635885634
559,10014.727635885634
560,10014.727635885634
561,10014.727635885634
562,10014.727635885634
563,10014.727635885634
564,10014.727635885634
565,10014.727635885634
566,10014.727635885634
567,10014.727635885634
568,10014.530041669575
569,10016.780681329361
570,10015.208578467218
571,10019.039683238412
572,10020.68392814369
573,10020.68392814369
574,10020.68392814369
575,10020.68392814369
576,10020.68392814369
577,10020.68392814369
578,10020.68392814369
579,10020.68392814369
580,10020.68392814369
581,10020.68392814369
582,10020.68392814369
583,10020.68392814369
584,10020.68392814369
585,10020.68392814369
586,10020.68392814369
587,10020.68392814369
588,10020.68392814369
589,10020.68392814369
590,10020.68392814369
591,10020.68392814369
592,10020.68392814369
593,10020.68392814369
594,10020.68392814369
595,10020.68392814369
596,10020.68392814369
597,10020.68392814369
598,10020.68392814369
599,10020.68392814369
600,10020.68392814369
601,10020.68392814369
602,10020.68392814369
603,10020.68392814369
604,10020.68392814369
605,10020.68392814369
606,10020.68392814369
607,10020.68392814369
608,10020.68392814369
609,10020.68392814369
610,10020.68392814369
611,10020.68392814369
612,10020.68392814369
613,10020.68392814369
614,10020.68392814369
615,10020.68392814369
616,10020.68392814369
617,10020.68392814369
618,10020.68392814369
619,10020.68392814369
620,10020.68392814369
621,10020.68392814369
622,10020.68392814369
623,10020.68392814369
624,10020.68392814369
625,10020.68392814369
626,10020.68392814369
627,10020.68392814369
628,10020.68392814369
629,10020.68392814369
630,10020.68392814369
631,10020.68392814369
632,10020.68392814369
633,10020.68392814369
634,10020.68392814369
635,10020.68392814369
636,10020.68392814369
637,10020.68392814369
638,10020.68392814369
639,10020.68392814369
640,10020.68392814369
641,10020.68392814369
642,10020.68392814369
643,10020.68392814369
644,10020.68392814369
645,10020.68392814369
646,10020.68392814369
647,10020.68392814369
648,10020.68392814369
649,10020.68392814369
650,10020.68392814369
651,10020.68392814369
652,10020.68392814369
653,10020.68392814369
654,10020.68392814369
655,10020.68392814369
656,10020.68392814369
657,10020.68392814369
658,10020.68392814369
659,10020.68392814369
660,10020.68392814369
661,10020.68392814369
662,10020.68392814369
663,10020.68392814369
664,10020.68392814369
665,10020.68392814369
666,10020.68392814369
667,10020.68392814369
668,10020.68392814369
669,10020.68392814369
670,10020.68392814369
671,10020.68392814369
672,10020.68392814369
673,10020.68392814369
674,10020.68392814369
675,10020.68392814369
676,10020.68392814369
677,10020.68392814369
678,10020.68392814369
679,10020.68392814369
680,10020.68392814369
681,10020.68392814369
682,10020.68392814369
683,10020.68392814369
684,10020.68392814369
685,10020.68392814369
686,10020.68392814369
687,10020.68392814369
688,10020.68392814369
689,10020.68392814369
690,10020.68392814369
691,10020.68392814369
692,10020.68392814369
693,10020.68392814369
694,10020.68392814369
695,10020.68392814369
696,10020.68392814369
697,10020.68392814369
698,10020.68392814369
699,10020.68392814369
700,10020.68392814369
701,10020.68392814369
702,10020.68392814369
703,10020.68392814369
704,10020.68392814369
705,10020.68392814369
706,10020.68392814369
707,10020.68392814369
708,10020.68392814369
709,10020.68392814369
710,10020.68392814369
711,10020.68392814369
712,10020.68392814369
713,10020.68392814369
714,10020.68392814369
715,10020.68392814369
716,10020.68392814369
717,10020.68392814369
718,10020.68392814369
719,10020.68392814369
720,10020.68392814369
721,10020.68392814369
722,10020.68392814369
723,10020.68392814369
724,10020.68392814369
725,10020.68392814369
726,10020.68392814369
727,10020.68392814369
728,10020.68392814369
729,10020.68392814369
730,10020.68392814369
731,10020.68392814369
732,10020.68392814369
733,10020.68392814369
734,10020.68392814369
735,10020.68392814369
736,10020.68392814369
737,10020.68392814369
738,10020.68392814369
739,10020.68392814369
740,10020.68392814369
741,10020.68392814369
742,10020.68392814369
743,10020.68392814369
744,10020.68392814369
745,10020.68392814369
746,10020.68392814369
747,10020.68392814369
748,10020.68392814369
749,10020.68392814369
750,10020.68392814369
751,10020.68392814369
752,10020.68392814369
753,10020.68392814369
754,10020.68392814369
755,10020.68392814369
756,10020.68392814369
757,10020.68392814369
758,10020.68392814369
759,10020.68392814369
760,10020.68392814369
761,10020.68392814369
762,10020.68392814369
763,10020.68392814369
764,10020.68392814369
765,10020.68392814369
766,10020.68392814369
767,10020.68392814369
768,10020.68392814369
769,10020.68392814369
770,10020.68392814369
771,10020.68392814369
772,10020.68392814369
773,10020.68392814369
774,10020.68392814369
775,10020.68392814369
776,10020.68392814369
777,10020.68392814369
778,10020.68392814369
779,10020.68392814369
780,10020.68392814369
781,10020.68392814369
782,10020.68392814369
783,10020.68392814369
784,10020.68392814369
785,10020.68392814369
786,10020.68392814369
787,10020.68392814369
788,10020.68392814369
789,10020.68392814369
790,10020.68392814369
791,10020.68392814369
792,10020.68392814369
793,10020.68392814369
794,10020.68392814369
795,10020.68392814369
796,10020.68392814369
797,10020.68392814369
798,10020.68392814369
799,10020.68392814369
800,10020.68392814369
801,10020.68392814369
802,10020.68392814369
803,10020.68392814369
804,10020.68392814369
805,10020.68392814369
806,10020.68392814369
807,10020.68392814369
808,10020.68392814369
809,10020.68392814369
810,10020.68392814369
811,10020.68392814369
812,10020.68392814369
813,10020.68392814369
814,10020.68392814369
815,10020.68392814369
816,10020.68392814369
817,10020.68392814369
818,10020.68392814369
819,10020.68392814369
820,10020.68392814369
821,10020.68392814369
822,10020.68392814369
823,10020.68392814369
824,10020.68392814369
825,10020.68392814369
826,10020.68392814369
827,10020.68392814369
828,10020.68392814369
829,10020.68392814369
830,10020.68392814369
831,10020.68392814369
832,10020.68392814369
833,10020.68392814369
834,10020.68392814369
835,10020.68392814369
836,10020.68392814369
837,10020.68392814369
838,10020.68392814369
839,10020.68392814369
840,10020.68392814369
841,10020.68392814369
842,10020.68392814369
843,10020.68392814369
844,10020.68392814369
845,10020.68392814369
846,10020.68392814369
847,10020.68392814369
848,10020.68392814369
849,10020.68392814369
850,10020.68392814369
851,10020.68392814369
852,10020.68392814369
853,10020.68392814369
854,10020.68392814369
855,10020.68392814369
856,10020.68392814369
857,10020.68392814369
858,10020.68392814369
859,10020.68392814369
860,10020.68392814369
861,10020.68392814369
862,10020.68392814369
863,10020.68392814369
864,10020.68392814369
865,10020.68392814369
866,10020.68392814369
867,10020.68392814369
868,10020.68392814369
869,10020.68392814369
870,10020.68392814369
871,10020.68392814369
872,10020.68392814369
873,10020.68392814369
874,10020.68392814369
875,10020.68392814369
876,10020.68392814369
877,10020.68392814369
878,10020.68392814369
879,10020.68392814369
880,10020.68392814369
881,10020.68392814369
882,10020.68392814369
883,10020.68392814369
884,10020.68392814369
885,10020.68392814369
886,10020.68392814369
887,10020.68392814369
888,10020.68392814369
889,10020.68392814369
890,10020.68392814369
891,10020.68392814369
892,10020.68392814369
893,10020.68392814369
894,10020.68392814369
895,10020.68392814369
896,10020.68392814369
897,10020.68392814369
898,10020.68392814369
899,10020.68392814369
900,10020.68392814369
901,10020.68392814369
902,10020.68392814369
903,10020.68392814369
904,10020.68392814369
905,10020.68392814369
906,10020.68392814369
907,10020.68392814369
908,10020.68392814369
909,10020.68392814369
910,10020.68392814369
911,10020.68392814369
912,10020.68392814369
913,10020.68392814369
914,10020.68392814369
915,10020.68392814369
916,10020.68392814369
917,10020.68392814369
918,10020.68392814369
919,10020.68392814369
920,10020.68392814369
921,10020.68392814369
922,10020.68392814369
923,10020.68392814369
924,10020.68392814369
925,10020.68392814369
926,10020.68392814369
927,10020.68392814369
928,10020.68392814369
929,10020.68392814369
930,10020.68392814369
931,10020.68392814369
932,10020.68392814369
933,10020.68392814369
934,10020.68392814369
935,10020.68392814369
936,10020.68392814369
937,10020.68392814369
938,10020.68392814369
939,10020.68392814369
940,10020.68392814369
941,10020.68392814369
942,10020.68392814369
943,10020.68392814369
944,10020.68392814369
945,10020.68392814369
946,10020.68392814369
947,10020.68392814369
948,10020.68392814369
949,10020.68392814369
950,10020.68392814369
951,10020.68392814369
952,10020.68392814369
953,10020.68392814369
954,10020.68392814369
955,10020.68392814369
956,10020.68392814369
957,10020.68392814369
958,10020.68392814369
959,10020.68392814369
960,10020.68392814369
961,10020.68392814369
962,10020.68392814369
963,10020.68392814369
964,10020.68392814369
965,10020.68392814369
966,10020.68392814369
967,10020.68392814369
968,10020.68392814369
969,10020.68392814369
970,10020.68392814369
971,10020.68392814369
972,10020.68392814369
973,10020.68392814369
974,10020.68392814369
975,10020.68392814369
976,10020.68392814369
977,10020.68392814369
978,10020.68392814369
979,10020.68392814369
980,10020.68392814369
981,10020.68392814369
982,10020.68392814369
983,10020.68392814369
984,10020.68392814369
985,10020.68392814369
986,10020.68392814369
987,10020.68392814369
988,10020.68392814369
989,10020.68392814369
990,10020.68392814369
991,10020.68392814369
992,10020.68392814369
993,10020.68392814369
994,10020.68392814369
995,10020.68392814369
996,10020.68392814369
997,10020.68392814369
998,10020.68392814369
999,10020.68392814369
1000,10020.68392814369
1001,10020.68392814369
1002,10020.68392814369
1003,10020.68392814369
1004,10020.68392814369
1005,10020.68392814369
1006,10020.68392814369
1007,10020.68392814369
1008,10020.68392814369
1009,10020.68392814369
1010,10020.68392814369
1011,10020.68392814369
1012,10020.68392814369
1013,10020.68392814369
1014,10020.68392814369
1015,10020.68392814369
1016,10020.68392814369
1017,10020.68392814369
1018,10020.68392814369
1019,10020.68392814369
1020,10020.68392814369
1021,10020.68392814369
1022,10020.68392814369
1023,10020.68392814369
1024,10020.68392814369
1025,10020.68392814369
1026,10020.68392814369
1027,10020.68392814369
1028,10020.68392814369
1029,10020.68392814369
1030,10020.68392814369
1031,10020.68392814369
1032,10020.68392814369
1033,10020.68392814369
1034,10020.68392814369
1035,10020.68392814369
1036,10020.68392814369
1037,10020.68392814369
1038,10020.68392814369
1039,10020.68392814369
1040,10020.68392814369
1041,10020.68392814369
1042,10020.68392814369
1043,10020.68392814369
1044,10020.68392814369
1045,10020.68392814369
1046,10020.68392814369
1047,10020.68392814369
1048,10020.68392814369
1049,10020.68392814369
1050,10020.68392814369
1051,10020.68392814369
1052,10020.68392814369
1053,10020.68392814369
1054,10020.68392814369
1055,10020.68392814369
1056,10020.68392814369
1057,10020.68392814369
1058,10020.68392814369
1059,10020.68392814369
1060,10020.68392814369
1061,10020.68392814369
1062,10020.68392814369
1063,10020.68392814369
1064,10020.68392814369
1065,10020.68392814369
1066,10020.68392814369
1067,10020.68392814369
1068,10020.68392814369
1069,10020.68392814369
1070,10020.476148130892
1071,10020.56718196285
1072,10028.427482487778
1073,10028.664484360634
1074,10037.237360052959
1075,10040.564803565907
1076,10061.08613221532
1077,10061.08613221532
1078,10061.08613221532
1079,10061.08613221532
1080,10061.08613221532
1081,10061.08613221532
1082,10061.08613221532
1083,10061.08613221532
1084,10061.08613221532
1085,10061.08613221532
1086,10061.08613221532
1087,10061.08613221532
1088,10061.08613221532
1089,10061.08613221532
1090,10061.08613221532
1091,10061.08613221532
1092,10061.08613221532
1093,10061.08613221532
1094,10061.08613221532
1095,10061.08613221532
1096,10061.08613221532
1097,10061.08613221532
1098,10061.08613221532
1099,10061.08613221532
1100,10061.08613221532
1101,10061.08613221532
1102,10061.08613221532
1103,10061.08613221532
1104,10061.08613221532
1105,10061.08613221532
1106,10061.08613221532
1107,10061.08613221532
1108,10061.08613221532
1109,10061.08613221532
1110,10061.08613221532
1111,10061.08613221532
1112,10061.08613221532
1113,10061.08613221532
1114,10061.08613221532
1115,10061.08613221532
1116,10061.08613221532
1117,10061.08613221532
1118,10061.08613221532
1119,10061.08613221532
1120,10061.08613221532
1121,10061.08613221532
1122,10061.08613221532
1123,10061.08613221532
1124,10061.08613221532
1125,10061.08613221532
1126,10061.08613221532
1127,10061.08613221532
1128,10061.08613221532
1129,10061.08613221532
1130,10061.08613221532
1131,10061.08613221532
1132,10061.08613221532
1133,10061.08613221532
1134,10061.08613221532
1135,10061.08613221532
1136,10061.08613221532
1137,10061.08613221532
1138,10061.08613221532
1139,10061.08613221532
1140,10061.08613221532
1141,10061.08613221532
1142,10061.08613221532
1143,10061.08613221532
1144,10061.08613221532
1145,10061.08613221532
1146,10061.08613221532
1147,10061.08613221532
1148,10061.08613221532
1149,10061.08613221532
1150,10061.08613221532
1151,10061.08613221532
1152,10061.08613221532
1153,10061.08613221532
1154,10061.08613221532
1155,10061.08613221532
1156,10061.08613221532
1157,10061.08613221532
1158,10061.08613221532
1159,10061.08613221532
1160,10061.08613221532
1161,10061.08613221532
1162,10061.08613221532
1163,10061.08613221532
1164,10061.08613221532
1165,10061.08613221532
1166,10061.08613221532
1167,10061.08613221532
1168,10061.08613221532
1169,10061.08613221532
1170,10061.08613221532
1171,10061.08613221532
1172,10061.08613221532
1173,10061.08613221532
1174,10061.08613221532
1175,10061.08613221532
1176,10061.08613221532
1177,10061.08613221532
1178,10061.08613221532
1179,10061.08613221532
1180,10061.08613221532
1181,10061.08613221532
1182,10061.08613221532
1183,10061.08613221532
1184,10061.08613221532
1185,10061.08613221532
1186,10061.08613221532
1187,10061.08613221532
1188,10061.08613221532
1189,10061.08613221532
1190,10061.08613221532
1191,10061.08613221532
1192,10061.08613221532
1193,10061.08613221532
1194,10061.08613221532
1195,10061.08613221532
1196,10061.08613221532
1197,10061.08613221532
1198,10061.08613221532
1199,10061.08613221532
1200,10061.08613221532
1201,10061.08613221532
1202,10061.08613221532
1203,10061.08613221532
1204,10061.08613221532
1205,10061.08613221532
1206,10061.08613221532
1207,10061.08613221532
1208,10061.08613221532
1209,10061.08613221532
1210,10061.08613221532
1211,10061.08613221532
1212,10061.08613221532
1213,10061.08613221532
1214,10061.08613221532
1215,10061.08613221532
1216,10061.08613221532
1217,10061.08613221532
1218,10061.08613221532
1219,10061.08613221532
1220,10061.08613221532
1221,10061.08613221532
1222,10061.08613221532
1223,10061.08613221532
1224,10061.08613221532
1225,10061.08613221532
1226,10061.08613221532
1227,10061.08613221532
1228,10061.08613221532
1229,10061.08613221532
1230,10061.08613221532
1231,10061.08613221532
1232,10061.08613221532
1233,10061.08613221532
1234,10061.08613221532
1235,10061.08613221532
1236,10061.08613221532
1237,10061.08613221532
1238,10061.08613221532
1239,10061.08613221532
1240,10061.08613221532
1241,10061.08613221532
1242,10061.08613221532
1243,10061.08613221532
1244,10061.08613221532
1245,10061.08613221532
1246,10061.08613221532
1247,10061.08613221532
1248,10061.08613221532
1249,10061.08613221532
1250,10061.08613221532
1251,10061.08613221532
1252,10061.08613221532
1253,10061.08613221532
1254,10061.08613221532
1255,10061.08613221532
1256,10061.08613221532
1257,10061.08613221532
1258,10061.08613221532
1259,10061.08613221532
1260,10061.08613221532
1261,10061.08613221532
1262,10061.08613221532
1263,10061.08613221532
1264,10061.08613221532
1265,10061.08613221532
1266,10061.08613221532
1267,10061.08613221532
1268,10061.08613221532
1269,10061.08613221532
1270,10061.08613221532
1271,10061.08613221532
1272,10061.08613221532
1273,10061.08613221532
1274,10061.08613221532
1275,10061.08613221532
1276,10061.08613221532
1277,10061.08613221532
1278,10061.08613221532
1279,10061.08613221532
1280,10061.08613221532
1281,10061.08613221532
1282,10061.08613221532
1283,10061.08613221532
1284,10061.08613221532
1285,10061.08613221532
1286,10061.08613221532
1287,10061.08613221532
1288,10061.08613221532
1289,10061.08613221532
1290,10061.08613221532
1291,10061.08613221532
1292,10061.08613221532
1293,10061.08613221532
1294,10061.08613221532
1295,10061.08613221532
1296,10061.08613221532
1297,10061.08613221532
1298,10061.08613221532
1299,10061.08613221532
1300,10061.08613221532
1301,10061.08613221532
1302,10061.08613221532
1303,10061.08613221532
1304,10061.08613221532
1305,10061.08613221532
1306,10061.08613221532
1307,10061.08613221532
1308,10061.08613221532
1309,10061.08613221532
1310,10061.08613221532
1311,10061.08613221532
1312,10061.08613221532
1313,10061.08613221532
1314,10061.08613221532
1315,10061.08613221532
1316,10061.08613221532
1317,10061.08613221532
1318,10061.08613221532
1319,10061.08613221532
1320,10061.08613221532
1321,10061.08613221532
1322,10061.08613221532
1323,10061.08613221532
1324,10061.08613221532
1325,10061.08613221532
1326,10061.08613221532
1327,10061.08613221532
1328,10061.08613221532
1329,10061.08613221532
1330,10061.08613221532
1331,10061.08613221532
1332,10061.08613221532
1333,10061.08613221532
1334,10061.08613221532
1335,10061.08613221532
1336,10061.08613221532
1337,10061.08613221532
1338,10061.08613221532
1339,10061.08613221532
1340,10061.08613221532
1341,10061.08613221532
1342,10061.08613221532
1343,10061.08613221532
1344,10061.08613221532
1345,10061.08613221532
1346,10061.08613221532
1347,10061.08613221532
1348,10061.08613221532
1349,10061.08613221532
1350,10061.08613221532
1351,10061.08613221532
1352,10061.08613221532
1353,10061.08613221532
1354,10061.08613221532
1355,10061.08613221532
1356,10061.08613221532
1357,10061.08613221532
1358,10061.08613221532
1359,10061.08613221532
1360,10061.08613221532
1361,10061.08613221532
1362,10061.08613221532
1363,10061.08613221532
1364,10061.08613221532
1365,10061.08613221532
1366,10061.08613221532
1367,10061.08613221532
1368,10061.08613221532
1369,10061.08613221532
1370,10061.08613221532
1371,10061.08613221532
1372,10061.08613221532
1373,10061.08613221532
1374,10061.08613221532
1375,10061.08613221532
1376,10061.08613221532
1377,10061.08613221532
1378,10061.08613221532
1379,10061.08613221532
1380,10061.08613221532
1381,10061.08613221532
1382,10061.08613221532
1383,10061.08613221532
1384,10061.08613221532
1385,10061.08613221532
1386,10061.08613221532
1387,10061.08613221532
1388,10061.08613221532
1389,10061.08613221532
1390,10061.08613221532
1391,10061.08613221532
1392,10061.08613221532
1393,10061.08613221532
1394,10061.08613221532
1395,10061.08613221532
1396,10061.08613221532
1397,10061.08613221532
1398,10061.08613221532
1399,10061.08613221532
1400,10061.08613221532
1401,10061.08613221532
1402,10061.08613221532
1403,10061.08613221532
1404,10061.08613221532
1405,10061.08613221532
1406,10061.08613221532
1407,10061.08613221532
1408,10061.08613221532
1409,10061.08613221532
1410,10061.08613221532
1411,10061.08613221532
1412,10061.08613221532
1413,10061.08613221532
1414,10061.08613221532
1415,10061.08613221532
1416,10061.08613221532
1417,10061.08613221532
1418,10061.08613221532
1419,10061.08613221532
1420,10061.08613221532
1421,10061.08613221532
1422,10061.08613221532
1423,10061.08613221532
1424,10061.08613221532
1425,10061.08613221532
1426,10061.08613221532
1427,10061.08613221532
1428,10061.08613221532
1429,10061.08613221532
1430,10061.08613221532
1431,10061.08613221532
1432,10061.08613221532
1433,10061.08613221532
1434,10061.08613221532
1435,10061.08613221532
1436,10061.08613221532
1437,10061.08613221532
1438,10061.08613221532
1439,10061.08613221532
1440,10061.08613221532
1441,10061.08613221532
1442,10061.08613221532
1443,10061.08613221532
1444,10061.08613221532
1445,10061.08613221532
1446,10061.08613221532
1447,10061.08613221532
1448,10061.08613221532
1449,10061.08613221532
1450,10061.08613221532
1451,10061.08613221532
1452,10061.08613221532
1453,10061.08613221532
1454,10061.08613221532
1455,10061.08613221532
1456,10061.08613221532
1457,10061.08613221532
1458,10061.08613221532
1459,10061.08613221532
1460,10061.08613221532
1461,10061.08613221532
1462,10061.08613221532
1463,10061.08613221532
1464,10061.08613221532
1465,10061.08613221532
1466,10061.08613221532
1467,10061.08613221532
1468,10061.08613221532
1469,10061.08613221532
1470,10061.08613221532
1471,10061.08613221532
1472,10061.08613221532
1473,10061.08613221532
1474,10061.08613221532
1475,10061.08613221532
1476,10061.08613221532
1477,10061.08613221532
1478,10061.08613221532
1479,10061.08613221532
1480,10061.08613221532
1481,10061.08613221532
1482,10061.08613221532
1483,10061.08613221532
1484,10061.08613221532
1485,10061.08613221532
1486,10061.08613221532
1487,10061.08613221532
1488,10061.08613221532
1489,10061.08613221532
1490,10061.08613221532
1491,10061.08613221532
1492,10061.08613221532
1493,10061.08613221532
1494,10061.08613221532
1495,10061.08613221532
1496,10061.08613221532
1497,10061.08613221532
1498,10060.870752877692
1499,10062.457102024156
1500,10064.507559189007
1501,10067.247193478155
1502,10069.11293875609
1503,10066.3251862443
1504,10066.722549631282
1505,10068.709366566187
1506,10069.395439289023
1507,10070.539411227322
1508,10067.532798412547
1509,10067.003497963482
1510,10065.870391430295
1511,10064.077599586688
1512,10063.757846236227
1513,10064.856804353347
1514,10065.713619156524
1515,10066.041133510638
1516,10065.358165189264
1517,10067.996906430935
1518,10069.150191573619
1519,10069.642239205155
1520,10069.060163931257
1521,10073.236459494487
1522,10073.236459494487
1523,10073.236459494487
1524,10073.236459494487
1525,10073.236459494487
1526,10073.236459494487
1527,10073.236459494487
1528,10073.236459494487
1529,10073.236459494487
1530,10073.236459494487
1531,10073.236459494487
1532,10073.236459494487
1533,10073.236459494487
1534,10073.236459494487
1535,10073.236459494487
1536,10073.236459494487
1537,10073.236459494487
1538,10073.236459494487
1539,10073.236459494487
1540,10073.236459494487
1541,10073.236459494487
1542,10073.236459494487
1543,10073.236459494487
1544,10073.236459494487
1545,10073.236459494487
1546,10073.236459494487
1547,10073.236459494487
1548,10073.236459494487
1549,10073.236459494487
1550,10073.236459494487
1551,10073.236459494487
1552,10073.236459494487
1553,10073.236459494487
1554,10073.236459494487
1555,10073.236459494487
1556,10073.236459494487
1557,10073.236459494487
1558,10073.236459494487
1559,10073.236459494487
1560,10073.236459494487
1561,10073.236459494487
1562,10073.236459494487
1563,10073.236459494487
1564,10073.236459494487
1565,10073.236459494487
1566,10073.236459494487
1567,10073.236459494487
1568,10073.236459494487
1569,10073.236459494487
1570,10073.236459494487
1571,10073.236459494487
1572,10073.236459494487
1573,10073.236459494487
1574,10073.236459494487
1575,10073.236459494487
1576,10073.236459494487
1577,10073.236459494487
1578,10073.236459494487
1579,10073.236459494487
1580,10073.236459494487
1581,10073.236459494487
1582,10073.236459494487
1583,10073.236459494487
1584,10073.236459494487
1585,10073.236459494487
1586,10073.236459494487
1587,10073.236459494487
1588,10073.236459494487
1589,10073.236459494487
1590,10073.236459494487
1591,10073.236459494487
1592,10073.236459494487
1593,10073.236459494487
1594,10073.236459494487
1595,10073.236459494487
1596,10073.236459494487
1597,10073.236459494487
1598,10073.236459494487
1599,10073.236459494487
1600,10073.236459494487
1601,10073.236459494487
1602,10073.236459494487
1603,10073.236459494487
1604,10073.236459494487
1605,10073.236459494487
1606,10073.236459494487
1607,10073.236459494487
1608,10073.236459494487
1609,10073.236459494487
1610,10073.069388400874
1611,10074.86332731367
1612,10073.181900249063
1613,10074.912082447885
1614,10077.344838632067
1615,10075.702165648503
1616,10071.614235164292
1617,10072.475575868762
1618,10070.815401042148
1619,10067.107144242713
1620,10067.107144242713
1621,10067.107144242713
1622,10067.107144242713
1623,10067.107144242713
1624,10067.107144242713
1625,10067.107144242713
1626,10067.107144242713
1627,10067.107144242713
1628,10067.107144242713
1629,10067.107144242713
1630,10067.107144242713
1631,10067.107144242713
1632,10067.107144242713
1633,10067.107144242713
1634,10067.107144242713
1635,10067.107144242713
1636,10067.107144242713
1637,10067.107144242713
1638,10067.107144242713
1639,10067.107144242713
1640,10067.107144242713
1641,10067.107144242713
1642,10067.107144242713
1643,10067.107144242713
1644,10067.107144242713
1645,10067.107144242713
1646,10067.107144242713
1647,10067.107144242713
1648,10067.107144242713
1649,10067.107144242713
1650,10067.107144242713
1651,10067.107144242713
1652,10067.107144242713
1653,10067.107144242713
1654,10067.107144242713
1655,10067.107144242713
1656,10067.107144242713
1657,10067.107144242713
1658,10067.107144242713
1659,10067.107144242713
1660,10067.107144242713
1661,10067.107144242713
1662,10067.107144242713
1663,10067.107144242713
1664,10067.107144242713
1665,10067.107144242713
1666,10067.107144242713
1667,10067.107144242713
1668,10067.107144242713
1669,10067.107144242713
1670,10067.107144242713
1671,10067.107144242713
1672,10067.107144242713
1673,10067.107144242713
1674,10067.107144242713
1675,10067.107144242713
1676,10067.107144242713
1677,10067.107144242713
1678,10067.107144242713
1679,10067.107144242713
1680,10067.107144242713
1681,10067.107144242713
1682,10067.107144242713
1683,10067.107144242713
1684,10067.107144242713
1685,10067.107144242713
1686,10067.107144242713
1687,10067.107144242713
1688,10067.107144242713
1689,10067.107144242713
1690,10067.107144242713
1691,10067.107144242713
1692,10067.107144242713
1693,10067.107144242713
1694,10067.107144242713
1695,10067.107144242713
1696,10067.107144242713
1697,10067.107144242713
1698,10067.107144242713
1699,10067.107144242713
1700,10067.107144242713
1701,10067.107144242713
1702,10067.107144242713
1703,10067.107144242713
1704,10067.107144242713
1705,10067.107144242713
1706,10067.107144242713
1707,10067.107144242713
1708,10067.107144242713
1709,10067.107144242713
1710,10067.107144242713
1711,10067.107144242713
1712,10067.107144242713
1713,10067.107144242713
1714,10067.107144242713
1715,10067.107144242713
1716,10067.107144242713
1717,10067.107144242713
1718,10067.107144242713
1719,10067.107144242713
1720,10067.107144242713
1721,10067.107144242713
1722,10067.107144242713
1723,10067.107144242713
1724,10067.107144242713
1725,10067.107144242713
1726,10067.107144242713
1727,10067.107144242713
1728,10067.107144242713
1729,10067.107144242713
1730,10067.107144242713
1731,10067.107144242713
1732,10067.107144242713
1733,10067.107144242713
1734,10067.107144242713
1735,10067.107144242713
1736,10067.107144242713
1737,10067.107144242713
1738,10067.107144242713
1739,10067.107144242713
1740,10067.107144242713
1741,10067.107144242713
1742,10067.107144242713
1743,10067.107144242713
1744,10067.107144242713
1745,10067.107144242713
1746,10067.107144242713
1747,10067.107144242713
1748,10067.107144242713
1749,10067.107144242713
1750,10067.107144242713
1751,10067.107144242713
1752,10067.107144242713
1753,10067.107144242713
1754,10067.107144242713
1755,10067.107144242713
1756,10067.107144242713
1757,10067.107144242713
1758,10067.107144242713
1759,10067.107144242713
1760,10067.107144242713
1761,10067.107144242713
1762,10067.107144242713
1763,10067.107144242713
1764,10067.107144242713
1765,10067.107144242713
1766,10067.107144242713
1767,10067.107144242713
1768,10067.107144242713
1769,10067.107144242713
1770,10067.107144242713
1771,10067.107144242713
1772,10067.107144242713
1773,10067.107144242713
1774,10067.107144242713
1775,10067.107144242713
1776,10067.107144242713
1777,10067.107144242713
1778,10067.107144242713
1779,10067.107144242713
1780,10067.107144242713
1781,10067.107144242713
1782,10067.107144242713
1783,10067.107144242713
1784,10067.107144242713
1785,10067.107144242713
1786,10067.107144242713
1787,10067.107144242713
1788,10067.107144242713
1789,10067.107144242713
1790,10067.107144242713
1791,10067.107144242713
1792,10067.107144242713
1793,10067.107144242713
1794,10067.107144242713
1795,10067.107144242713
1796,10067.107144242713
1797,10067.107144242713
1798,10067.107144242713
1799,10067.107144242713
1800,10067.107144242713
1801,10067.107144242713
1802,10067.107144242713
1803,10067.107144242713
1804,10067.107144242713
1805,10067.107144242713
1806,10067.107144242713
1807,10067.107144242713
1808,10067.107144242713
1809,10067.107144242713
1810,10067.107144242713
1811,10067.107144242713
1812,10067.107144242713
1813,10067.107144242713
1814,10067.107144242713
1815,10067.107144242713
1816,10067.107144242713
1817,10067.107144242713
1818,10067.107144242713
1819,10067.107144242713
1820,10067.107144242713
1821,10067.107144242713
1822,10067.107144242713
1823,10067.107144242713
1824,10067.107144242713
1825,10067.107144242713
1826,10067.107144242713
1827,10067.107144242713
1828,10067.107144242713
1829,10067.107144242713
1830,10067.107144242713
1831,10067.107144242713
1832,10067.107144242713
1833,10067.107144242713
1834,10067.107144242713
1835,10067.107144242713
1836,10067.107144242713
1837,10067.107144242713
1838,10067.107144242713
1839,10067.107144242713
1840,10067.107144242713
1841,10067.107144242713
1842,10067.107144242713
1843,10067.107144242713
1844,10067.107144242713
1845,10067.107144242713
1846,10067.107144242713
1847,10067.107144242713
1848,10067.107144242713
1849,10067.107144242713
1850,10067.107144242713
1851,10067.107144242713
1852,10067.107144242713
1853,10067.107144242713
1854,10067.107144242713
1855,10067.107144242713
1856,10067.107144242713
1857,10067.107144242713
1858,10067.107144242713
1859,10067.107144242713
1860,10067.107144242713
1861,10067.107144242713
1862,10067.107144242713
1863,10067.107144242713
1864,10067.107144242713
1865,10067.107144242713
1866,10067.107144242713
1867,10067.107144242713
1868,10067.107144242713
1869,10067.107144242713
1870,10067.107144242713
1871,10067.107144242713
1872,10067.107144242713
1873,10067.107144242713
1874,10067.107144242713
1875,10067.107144242713
1876,10067.107144242713
1877,10067.107144242713
1878,10067.107144242713
1879,10067.107144242713
1880,10067.107144242713
1881,10067.107144242713
1882,10067.107144242713
1883,10067.107144242713
1884,10067.107144242713
1885,10067.107144242713
1886,10067.107144242713
1887,10067.107144242713
1888,10067.107144242713
1889,10066.910456307469
1890,10067.438353464204
1891,10070.337937902743
1892,10070.337937902743
1893,10070.337937902743
1894,10070.337937902743
1895,10070.337937902743
1896,10070.337937902743
1897,10070.337937902743
1898,10070.337937902743
1899,10070.337937902743
1900,10070.337937902743
1901,10070.337937902743
1902,10070.337937902743
1903,10070.337937902743
1904,10070.337937902743
1905,10070.337937902743
1906,10070.337937902743
1907,10070.337937902743
1908,10070.337937902743
1909,10070.337937902743
1910,10070.337937902743
1911,10070.337937902743
1912,10070.337937902743
1913,10070.337937902743
1914,10070.337937902743
1915,10070.337937902743
1916,10070.337937902743
1917,10070.337937902743
1918,10070.337937902743
1919,10070.337937902743
1920,10070.337937902743
1921,10070.337937902743
1922,10070.337937902743
1923,10070.337937902743
1924,10070.337937902743
1925,10070.337937902743
1926,10070.337937902743
1927,10070.337937902743
1928,10070.337937902743
1929,10070.337937902743
1930,10070.337937902743
1931,10070.337937902743
1932,10070.337937902743
1933,10070.337937902743
1934,10070.337937902743
1935,10070.337937902743
1936,10070.337937902743
1937,10070.337937902743
1938,10070.337937902743
1939,10070.337937902743
1940,10070.337937902743
1941,10070.337937902743
1942,10070.337937902743
1943,10070.337937902743
1944,10070.337937902743
1945,10070.337937902743
1946,10070.337937902743
1947,10070.337937902743
1948,10070.337937902743
1949,10070.337937902743
1950,10070.337937902743
1951,10070.337937902743
1952,10070.337937902743
1953,10070.337937902743
1954,10070.337937902743
1955,10070.337937902743
1956,10070.337937902743
1957,10070.337937902743
1958,10070.337937902743
1959,10070.337937902743
1960,10070.337937902743
1961,10070.337937902743
1962,10070.337937902743
1963,10070.337937902743
1964,10070.337937902743
1965,10070.337937902743
1966,10070.337937902743
1967,10070.337937902743
1968,10070.337937902743
1969,10070.337937902743
1970,10070.337937902743
1971,10070.337937902743
1972,10070.337937902743
1973,10070.337937902743
1974,10070.337937902743
1975,10070.337937902743
1976,10070.337937902743
1977,10070.337937902743
1978,10070.337937902743
1979,10070.337937902743
1980,10070.337937902743
1981,10070.337937902743
1982,10070.337937902743
1983,10070.337937902743
1984,10070.337937902743
1985,10070.337937902743
1986,10070.337937902743
1987,10070.337937902743
1988,10070.337937902743
1989,10070.337937902743
1990,10070.337937902743
1991,10070.337937902743
1992,10070.337937902743
1993,10070.337937902743
1994,10070.337937902743
1995,10070.337937902743
1996,10070.337937902743
1997,10070.337937902743
1998,10070.337937902743
1999,10070.337937902743
2000,10070.337937902743
2001,10070.337937902743
2002,10070.337937902743
2003,10070.337937902743
2004,10070.337937902743
2005,10070.337937902743
2006,10070.337937902743
2007,10070.337937902743
2008,10070.337937902743
2009,10070.337937902743
2010,10070.337937902743
2011,10070.337937902743
2012,10070.337937902743
2013,10070.337937902743
2014,10070.337937902743
2015,10070.337937902743
2016,10070.337937902743
2017,10070.337937902743
2018,10070.337937902743
2019,10070.337937902743
2020,10070.337937902743
2021,10070.337937902743
2022,10070.337937902743
2023,10070.337937902743
2024,10070.337937902743
2025,10070.337937902743
2026,10070.337937902743
2027,10070.337937902743
2028,10070.337937902743
2029,10070.337937902743
2030,10070.337937902743
2031,10070.337937902743
2032,10070.337937902743
2033,10070.337937902743
2034,10070.337937902743
2035,10070.337937902743
2036,10070.337937902743
2037,10070.337937902743
2038,10070.337937902743
2039,10070.337937902743
2040,10070.337937902743
2041,10070.337937902743
2042,10070.337937902743
2043,10070.337937902743
2044,10070.337937902743
2045,10070.337937902743
2046,10070.337937902743
2047,10070.337937902743
2048,10070.337937902743
2049,10070.337937902743
2050,10070.337937902743
2051,10070.337937902743
2052,10070.337937902743
2053,10070.337937902743
2054,10070.337937902743
2055,10070.337937902743
2056,10070.337937902743
2057,10070.337937902743
2058,10070.337937902743
2059,10070.337937902743
2060,10070.337937902743
2061,10070.337937902743
2062,10070.337937902743
2063,10070.337937902743
2064,10070.337937902743
2065,10070.337937902743
2066,10070.337937902743
2067,10070.337937902743
2068,10070.337937902743
2069,10070.337937902743
2070,10070.337937902743
2071,10070.337937902743
2072,10070.337937902743
2073,10070.337937902743
2074,10070.337937902743
2075,10070.337937902743
2076,10070.337937902743
2077,10070.337937902743
2078,10070.337937902743
2079,10070.337937902743
2080,10070.337937902743
2081,10070.337937902743
2082,10070.337937902743
2083,10070.337937902743
2084,10070.337937902743
2085,10070.337937902743
2086,10070.337937902743
2087,10070.337937902743
2088,10070.337937902743
2089,10070.337937902743
2090,10070.337937902743
2091,10070.337937902743
2092,10070.337937902743
2093,10070.337937902743
2094,10070.337937902743
2095,10070.337937902743
2096,10070.337937902743
2097,10070.337937902743
2098,10070.337937902743
2099,10070.337937902743
2100,10070.337937902743
2101,10070.337937902743
2102,10070.337937902743
2103,10070.337937902743
2104,10070.337937902743
2105,10070.337937902743
2106,10070.337937902743
2107,10070.337937902743
2108,10070.337937902743
2109,10070.337937902743
2110,10070.337937902743
2111,10070.337937902743
2112,10070.337937902743
2113,10070.337937902743
2114,10070.337937902743
2115,10070.337937902743
2116,10070.337937902743
2117,10070.337937902743
2118,10070.337937902743
2119,10070.337937902743
2120,10070.337937902743
2121,10070.337937902743
2122,10070.337937902743
2123,10070.337937902743
2124,10070.337937902743
2125,10070.337937902743
2126,10070.337937902743
2127,10070.337937902743
2128,10070.337937902743
2129,10070.337937902743
2130,10070.337937902743
2131,10070.337937902743
2132,10070.337937902743
2133,10070.337937902743
2134,10070.337937902743
2135,10070.337937902743
2136,10070.337937902743
2137,10070.337937902743
2138,10070.337937902743
2139,10070.337937902743
2140,10070.337937902743
2141,10070.337937902743
2142,10070.337937902743
2143,10070.337937902743
2144,10070.337937902743
2145,10070.337937902743
2146,10070.337937902743
2147,10070.337937902743
2148,10070.337937902743
2149,10070.337937902743
2150,10070.337937902743
2151,10070.337937902743
2152,10070.337937902743
2153,10070.337937902743
2154,10070.337937902743
2155,10070.337937902743
2156,10070.337937902743
2157,10070.337937902743
2158,10070.337937902743
2159,10070.337937902743
2160,10070.337937902743
2161,10070.337937902743
2162,10070.337937902743
2163,10070.337937902743
2164,10070.337937902743
2165,10070.337937902743
2166,10070.337937902743
2167,10070.337937902743
2168,10070.337937902743
2169,10070.337937902743
2170,10070.337937902743
2171,10070.337937902743
2172,10070.337937902743
2173,10070.337937902743
2174,10070.337937902743
2175,10070.337937902743
2176,10070.337937902743
2177,10070.337937902743
2178,10070.337937902743
2179,10070.337937902743
2180,10070.337937902743
2181,10070.337937902743
2182,10070.337937902743
2183,10070.337937902743
2184,10070.337937902743
2185,10070.337937902743
2186,10070.337937902743
2187,10070.337937902743
2188,10070.337937902743
2189,10070.337937902743
2190,10070.337937902743
2191,10070.337937902743
2192,10070.337937902743
2193,10070.337937902743
2194,10070.337937902743
2195,10070.337937902743
2196,10070.337937902743
2197,10070.337937902743
2198,10070.337937902743
2199,10070.337937902743
2200,10070.337937902743
2201,10070.337937902743
2202,10070.337937902743
2203,10070.337937902743
2204,10070.337937902743
2205,10070.337937902743
2206,10070.337937902743
2207,10070.337937902743
2208,10070.337937902743
2209,10070.337937902743
2210,10070.337937902743
2211,10070.337937902743
2212,10070.337937902743
2213,10070.337937902743
2214,10070.337937902743
2215,10070.337937902743
2216,10070.337937902743
2217,10070.337937902743
2218,10070.337937902743
2219,10070.337937902743
2220,10070.337937902743
2221,10070.337937902743
2222,10070.337937902743
2223,10070.337937902743
2224,10070.337937902743
2225,10070.337937902743
2226,10070.337937902743
2227,10070.337937902743
2228,10070.337937902743
2229,10070.337937902743
2230,10070.337937902743
2231,10070.337937902743
2232,10070.337937902743
2233,10070.337937902743
2234,10070.337937902743
2235,10070.337937902743
2236,10070.337937902743
2237,10070.337937902743
2238,10070.337937902743
2239,10070.337937902743
2240,10070.337937902743
2241,10070.337937902743
2242,10070.337937902743
2243,10070.337937902743
2244,10070.337937902743
2245,10070.337937902743
2246,10070.337937902743
2247,10070.337937902743
2248,10070.337937902743
2249,10070.337937902743
2250,10070.337937902743
2251,10070.337937902743
2252,10070.337937902743
2253,10070.337937902743
2254,10070.337937902743
2255,10070.337937902743
2256,10070.337937902743
2257,10070.337937902743
2258,10070.337937902743
2259,10070.337937902743
2260,10070.337937902743
2261,10070.337937902743
2262,10070.337937902743
2263,10070.337937902743
2264,10070.337937902743
2265,10070.337937902743
2266,10070.337937902743
2267,10070.337937902743
2268,10070.337937902743
2269,10070.337937902743
2270,10070.337937902743
2271,10070.337937902743
2272,10070.337937902743
2273,10070.337937902743
2274,10070.337937902743
2275,10070.337937902743
2276,10070.337937902743
2277,10070.337937902743
2278,10070.337937902743
2279,10070.337937902743
2280,10070.337937902743
2281,10070.337937902743
2282,10070.337937902743
2283,10070.337937902743
2284,10070.337937902743
2285,10070.337937902743
2286,10070.337937902743
2287,10070.337937902743
2288,10070.337937902743
2289,10070.337937902743
2290,10070.337937902743
2291,10070.337937902743
2292,10070.337937902743
2293,10070.337937902743
2294,10070.337937902743
2295,10070.337937902743
2296,10070.337937902743
2297,10070.337937902743
2298,10070.337937902743
2299,10070.337937902743
2300,10070.337937902743
2301,10070.337937902743
2302,10070.337937902743
2303,10070.337937902743
2304,10070.337937902743
2305,10070.337937902743
2306,10070.337937902743
2307,10070.337937902743
2308,10070.337937902743
2309,10070.337937902743
2310,10070.337937902743
2311,10070.337937902743
2312,10070.337937902743
2313,10070.337937902743
2314,10070.337937902743
2315,10070.337937902743
2316,10070.337937902743
2317,10070.337937902743
2318,10070.337937902743
2319,10070.337937902743
2320,10070.337937902743
2321,10070.337937902743
2322,10070.337937902743
2323,10070.337937902743
2324,10070.337937902743
2325,10070.337937902743
2326,10070.337937902743
2327,10070.337937902743
2328,10070.337937902743
2329,10070.337937902743
2330,10070.337937902743
2331,10070.337937902743
2332,10070.337937902743
2333,10070.337937902743
2334,10070.337937902743
2335,10070.337937902743
2336,10070.337937902743
2337,10070.337937902743
2338,10070.337937902743
2339,10070.337937902743
2340,10070.337937902743
2341,10070.337937902743
2342,10070.337937902743
2343,10070.337937902743
2344,10070.337937902743
2345,10070.337937902743
2346,10070.337937902743
2347,10070.337937902743
2348,10070.337937902743
2349,10070.337937902743
2350,10070.337937902743
2351,10070.337937902743
2352,10070.337937902743
2353,10070.337937902743
2354,10070.337937902743
2355,10070.337937902743
2356,10070.337937902743
2357,10070.337937902743
2358,10070.337937902743
2359,10070.337937902743
2360,10070.337937902743
2361,10070.337937902743
2362,10070.337937902743
2363,10070.337937902743
2364,10070.337937902743
2365,10070.337937902743
2366,10070.337937902743
2367,10070.337937902743
2368,10070.337937902743
2369,10070.337937902743
2370,10070.337937902743
2371,10070.337937902743
2372,10070.337937902743
2373,10070.337937902743
2374,10070.337937902743
2375,10070.337937902743
2376,10070.337937902743
2377,10070.337937902743
2378,10070.337937902743
2379,10070.337937902743
2380,10070.337937902743
2381,10070.337937902743
2382,10070.337937902743
2383,10070.337937902743
2384,10070.337937902743
2385,10070.337937902743
2386,10070.337937902743
2387,10070.337937902743
2388,10070.337937902743
2389,10070.337937902743
2390,10070.337937902743
2391,10070.337937902743
2392,10070.337937902743
2393,10070.337937902743
2394,10070.337937902743
2395,10070.337937902743
2396,10070.337937902743
2397,10070.337937902743
2398,10070.337937902743
2399,10070.337937902743
2400,10070.337937902743
2401,10070.337937902743
2402,10070.337937902743
2403,10070.337937902743
2404,10070.337937902743
2405,10070.337937902743
2406,10070.337937902743
2407,10070.337937902743
2408,10070.337937902743
2409,10070.337937902743
2410,10070.337937902743
2411,10070.337937902743
2412,10070.337937902743
2413,10070.337937902743
2414,10070.337937902743
2415,10070.337937902743
2416,10070.337937902743
2417,10070.337937902743
2418,10070.337937902743
2419,10070.337937902743
2420,10070.337937902743
2421,10070.337937902743
2422,10070.337937902743
2423,10070.337937902743
2424,10070.337937902743
2425,10070.337937902743
2426,10070.337937902743
2427,10070.337937902743
2428,10070.337937902743
2429,10070.337937902743
2430,10070.337937902743
2431,10070.337937902743
2432,10070.337937902743
2433,10070.337937902743
2434,10070.337937902743
2435,10070.337937902743
2436,10070.337937902743
2437,10070.337937902743
2438,10070.337937902743
2439,10070.337937902743
2440,10070.337937902743
2441,10070.337937902743
2442,10070.337937902743
2443,10070.337937902743
2444,10070.337937902743
2445,10070.337937902743
2446,10070.337937902743
2447,10070.337937902743
2448,10070.337937902743
2449,10070.337937902743
2450,10070.337937902743
2451,10070.337937902743
2452,10070.337937902743
2453,10070.337937902743
2454,10070.337937902743
2455,10070.337937902743
2456,10070.337937902743
2457,10070.337937902743
2458,10070.337937902743
2459,10070.337937902743
2460,10070.337937902743
2461,10070.337937902743
2462,10070.337937902743
2463,10070.337937902743
2464,10070.337937902743
2465,10070.337937902743
2466,10070.337937902743
2467,10070.337937902743
2468,10070.337937902743
2469,10070.337937902743
2470,10070.337937902743
2471,10070.337937902743
2472,10070.337937902743
2473,10070.337937902743
2474,10070.337937902743
2475,10070.337937902743
2476,10070.337937902743
2477,10070.337937902743
2478,10070.337937902743
2479,10070.337937902743
2480,10070.337937902743
2481,10070.337937902743
2482,10070.337937902743
2483,10070.337937902743
2484,10070.337937902743
2485,10070.337937902743
2486,10070.337937902743
2487,10070.337937902743
2488,10070.337937902743
2489,10070.337937902743
2490,10070.337937902743
2491,10070.337937902743
2492,10070.337937902743
2493,10070.337937902743
2494,10070.337937902743
2495,10070.337937902743
2496,10070.337937902743
2497,10070.337937902743
2498,10070.337937902743
2499,10070.337937902743
2500,10070.337937902743
2501,10070.337937902743
2502,10070.337937902743
2503,10070.337937902743
2504,10070.337937902743
2505,10070.337937902743
2506,10070.337937902743
2507,10070.337937902743
2508,10070.337937902743
2509,10070.337937902743
2510,10070.337937902743
2511,10070.337937902743
2512,10070.337937902743
2513,10070.337937902743
2514,10070.337937902743
2515,10070.337937902743
2516,10070.337937902743
2517,10070.337937902743
2518,10070.337937902743
2519,10070.337937902743
2520,10070.337937902743
2521,10070.337937902743
2522,10070.337937902743
2523,10070.337937902743
2524,10070.337937902743
2525,10070.337937902743
2526,10070.337937902743
2527,10070.337937902743
2528,10070.337937902743
2529,10070.337937902743
2530,10070.337937902743
2531,10070.337937902743
2532,10070.337937902743
2533,10070.337937902743
2534,10070.337937902743
2535,10070.337937902743
2536,10070.337937902743
2537,10070.337937902743
2538,10070.337937902743
2539,10070.337937902743
2540,10070.337937902743
2541,10070.337937902743
2542,10070.337937902743
2543,10070.337937902743
2544,10070.337937902743
2545,10070.337937902743
2546,10070.337937902743
2547,10070.337937902743
2548,10070.337937902743
2549,10070.337937902743
2550,10070.337937902743
2551,10070.337937902743
2552,10070.337937902743
2553,10070.337937902743
2554,10070.337937902743
2555,10070.337937902743
2556,10070.337937902743
2557,10070.337937902743
2558,10070.337937902743
2559,10070.337937902743
2560,10070.337937902743
2561,10070.337937902743
2562,10070.337937902743
2563,10070.337937902743
2564,10070.337937902743
2565,10070.337937902743
2566,10070.337937902743
2567,10070.337937902743
2568,10070.337937902743
2569,10070.337937902743
2570,10070.337937902743
2571,10070.337937902743
2572,10070.337937902743
2573,10070.337937902743
2574,10070.337937902743
2575,10070.337937902743
2576,10070.337937902743
2577,10070.337937902743
2578,10070.337937902743
2579,10070.337937902743
2580,10070.337937902743
2581,10070.337937902743
2582,10070.337937902743
2583,10070.337937902743
2584,10070.337937902743
2585,10070.337937902743
2586,10070.337937902743
2587,10070.337937902743
2588,10070.337937902743
2589,10070.337937902743
2590,10070.337937902743
2591,10070.337937902743
2592,10070.337937902743
2593,10070.337937902743
2594,10070.337937902743
2595,10070.337937902743
2596,10070.337937902743
2597,10070.337937902743
2598,10070.337937902743
2599,10070.337937902743
2600,10070.337937902743
2601,10070.337937902743
2602,10070.337937902743
2603,10070.337937902743
2604,10070.337937902743
2605,10070.337937902743
2606,10070.337937902743
2607,10070.337937902743
2608,10070.337937902743
2609,10070.337937902743
2610,10070.337937902743
2611,10070.337937902743
2612,10070.337937902743
2613,10070.337937902743
2614,10070.337937902743
2615,10070.337937902743
2616,10070.337937902743
2617,10070.337937902743
2618,10070.337937902743
2619,10070.337937902743
2620,10070.337937902743
2621,10070.337937902743
2622,10070.337937902743
2623,10070.337937902743
2624,10070.337937902743
2625,10070.337937902743
2626,10070.337937902743
2627,10070.337937902743
2628,10070.337937902743
2629,10070.337937902743
2630,10070.337937902743
2631,10070.337937902743
2632,10070.337937902743
2633,10070.337937902743
2634,10070.337937902743
2635,10070.337937902743
2636,10070.337937902743
2637,10070.337937902743
2638,10070.337937902743
2639,10070.337937902743
2640,10070.337937902743
2641,10070.337937902743
2642,10070.337937902743
2643,10070.337937902743
2644,10070.337937902743
2645,10070.337937902743
2646,10070.337937902743
2647,10070.337937902743
2648,10070.337937902743
2649,10070.337937902743
2650,10070.337937902743
2651,10070.337937902743
2652,10070.337937902743
2653,10070.337937902743
2654,10070.337937902743
2655,10070.337937902743
2656,10070.337937902743
2657,10070.337937902743
2658,10070.337937902743
2659,10070.337937902743
2660,10070.337937902743
2661,10070.337937902743
2662,10070.337937902743
2663,10070.337937902743
2664,10070.337937902743
2665,10070.337937902743
2666,10070.337937902743
2667,10070.337937902743
2668,10070.337937902743
2669,10070.337937902743
2670,10070.337937902743
2671,10070.337937902743
2672,10070.337937902743
2673,10070.337937902743
2674,10070.337937902743
2675,10070.337937902743
2676,10070.337937902743
2677,10070.337937902743
2678,10070.337937902743
2679,10070.337937902743
2680,10070.337937902743
2681,10070.337937902743
2682,10070.337937902743
2683,10070.337937902743
2684,10070.337937902743
2685,10070.337937902743
2686,10070.337937902743
2687,10070.337937902743
2688,10070.337937902743
2689,10070.337937902743
2690,10070.337937902743
2691,10070.337937902743
2692,10070.337937902743
2693,10070.337937902743
2694,10070.337937902743
2695,10070.337937902743
2696,10070.337937902743
2697,10070.337937902743
2698,10070.337937902743
2699,10070.337937902743
2700,10070.337937902743
2701,10070.337937902743
2702,10070.337937902743
2703,10070.337937902743
2704,10070.337937902743
2705,10070.337937902743
2706,10070.337937902743
2707,10070.337937902743
2708,10070.337937902743
2709,10070.337937902743
2710,10070.337937902743
2711,10070.337937902743
2712,10070.337937902743
2713,10070.337937902743
2714,10070.337937902743
2715,10070.337937902743
2716,10070.337937902743
2717,10070.337937902743
2718,10070.337937902743
2719,10070.337937902743
2720,10070.337937902743
2721,10070.337937902743
2722,10070.337937902743
2723,10070.337937902743
2724,10070.337937902743
2725,10070.337937902743
2726,10070.337937902743
2727,10070.337937902743
2728,10070.337937902743
2729,10070.337937902743
2730,10070.337937902743
2731,10070.337937902743
2732,10070.337937902743
2733,10070.337937902743
2734,10070.337937902743
2735,10070.337937902743
2736,10070.337937902743
2737,10070.337937902743
2738,10070.337937902743
2739,10070.337937902743
2740,10070.337937902743
2741,10070.337937902743
2742,10070.337937902743
2743,10070.337937902743
2744,10070.337937902743
2745,10070.337937902743
2746,10070.337937902743
2747,10070.337937902743
2748,10070.337937902743
2749,10070.337937902743
2750,10070.337937902743
2751,10070.337937902743
2752,10070.337937902743
2753,10070.337937902743
2754,10070.337937902743
2755,10070.337937902743
2756,10070.337937902743
2757,10070.337937902743
2758,10070.337937902743
2759,10070.337937902743
2760,10070.337937902743
2761,10070.337937902743
2762,10070.337937902743
2763,10070.337937902743
2764,10070.337937902743
2765,10070.337937902743
2766,10070.337937902743
2767,10070.337937902743
2768,10070.337937902743
2769,10070.337937902743
2770,10070.337937902743
2771,10070.337937902743
2772,10070.337937902743
2773,10070.337937902743
2774,10070.337937902743
2775,10070.337937902743
2776,10070.337937902743
2777,10070.337937902743
2778,10070.337937902743
2779,10070.337937902743
2780,10070.337937902743
2781,10070.337937902743
2782,10070.337937902743
2783,10070.337937902743
2784,10070.337937902743
2785,10070.337937902743
2786,10070.337937902743
2787,10070.337937902743
2788,10070.337937902743
2789,10070.337937902743
2790,10070.337937902743
2791,10070.337937902743
2792,10070.337937902743
2793,10070.337937902743
2794,10070.337937902743
2795,10070.337937902743
2796,10070.337937902743
2797,10070.337937902743
2798,10070.337937902743
2799,10070.337937902743
2800,10070.337937902743
2801,10070.337937902743
2802,10070.337937902743
2803,10070.337937902743
2804,10070.337937902743
2805,10070.337937902743
2806,10070.337937902743
2807,10070.337937902743
2808,10070.337937902743
2809,10070.337937902743
2810,10070.337937902743
2811,10070.337937902743
2812,10070.337937902743
2813,10070.337937902743
2814,10070.337937902743
2815,10070.337937902743
2816,10070.337937902743
2817,10070.337937902743
2818,10070.337937902743
2819,10070.337937902743
2820,10070.337937902743
2821,10070.337937902743
2822,10070.337937902743
2823,10070.337937902743
2824,10070.337937902743
2825,10070.337937902743
2826,10070.337937902743
2827,10070.337937902743
2828,10070.337937902743
2829,10070.337937902743
2830,10070.337937902743
2831,10070.337937902743
2832,10070.337937902743
2833,10070.337937902743
2834,10070.337937902743
2835,10070.337937902743
2836,10070.337937902743
2837,10070.337937902743
2838,10070.337937902743
2839,10070.337937902743
2840,10070.337937902743
2841,10070.337937902743
2842,10070.337937902743
2843,10070.337937902743
2844,10070.337937902743
2845,10070.337937902743
2846,10070.337937902743
2847,10070.337937902743
2848,10070.337937902743
2849,10070.337937902743
2850,10070.337937902743
2851,10070.337937902743
2852,10070.337937902743
2853,10070.337937902743
2854,10070.337937902743
2855,10070.337937902743
2856,10070.337937902743
2857,10070.337937902743
2858,10070.337937902743
2859,10070.337937902743
2860,10070.337937902743
2861,10070.337937902743
2862,10070.337937902743
2863,10070.337937902743
2864,10070.337937902743
2865,10070.337937902743
2866,10070.337937902743
2867,10070.337937902743
2868,10070.337937902743
2869,10070.337937902743
2870,10070.337937902743
2871,10070.337937902743
2872,10070.337937902743
2873,10070.337937902743
2874,10070.337937902743
2875,10070.337937902743
2876,10070.337937902743
2877,10070.337937902743
2878,10070.337937902743
2879,10070.337937902743
2880,10070.337937902743
2881,10070.337937902743
2882,10070.337937902743
2883,10070.337937902743
2884,10070.337937902743
2885,10070.337937902743
2886,10070.337937902743
2887,10070.337937902743
2888,10070.337937902743
2889,10070.337937902743
2890,10070.337937902743
2891,10070.337937902743
2892,10070.337937902743
2893,10070.337937902743
2894,10070.337937902743
2895,10070.337937902743
2896,10070.337937902743
2897,10070.337937902743
2898,10070.337937902743
2899,10070.337937902743
2900,10070.337937902743
2901,10070.337937902743
2902,10070.337937902743
2903,10070.337937902743
2904,10070.337937902743
2905,10070.337937902743
2906,10070.337937902743
2907,10070.337937902743
2908,10070.337937902743
2909,10070.337937902743
2910,10070.337937902743
2911,10070.337937902743
2912,10070.337937902743
2913,10070.337937902743
2914,10070.337937902743
2915,10070.337937902743
2916,10070.337937902743
2917,10070.337937902743
2918,10070.337937902743
2919,10070.337937902743
2920,10070.337937902743
2921,10070.337937902743
2922,10070.337937902743
2923,10070.337937902743
2924,10070.337937902743
2925,10070.337937902743
2926,10070.337937902743
2927,10070.337937902743
2928,10070.337937902743
2929,10070.337937902743
2930,10070.337937902743
2931,10070.337937902743
2932,10070.337937902743
2933,10070.337937902743
2934,10070.337937902743
2935,10070.337937902743
2936,10070.337937902743
2937,10070.337937902743
2938,10070.337937902743
2939,10070.337937902743
2940,10070.337937902743
2941,10070.337937902743
2942,10070.337937902743
2943,10070.337937902743
2944,10070.337937902743
2945,10070.337937902743
2946,10070.337937902743
2947,10070.337937902743
2948,10070.337937902743
2949,10070.337937902743
2950,10070.337937902743
2951,10070.337937902743
2952,10070.337937902743
2953,10070.337937902743
2954,10070.337937902743
2955,10070.337937902743
2956,10070.337937902743
2957,10070.337937902743
2958,10070.337937902743
2959,10070.337937902743
2960,10070.337937902743
2961,10070.337937902743
2962,10070.337937902743
2963,10070.337937902743
2964,10070.337937902743
2965,10070.337937902743
2966,10070.337937902743
2967,10070.337937902743
2968,10070.337937902743
2969,10070.337937902743
2970,10070.337937902743
2971,10070.337937902743
2972,10070.337937902743
2973,10070.337937902743
2974,10070.337937902743
2975,10070.337937902743
2976,10070.337937902743
2977,10070.337937902743
2978,10070.337937902743
2979,10070.337937902743
2980,10070.337937902743
2981,10070.337937902743
2982,10070.337937902743
2983,10070.337937902743
2984,10070.337937902743
2985,10070.337937902743
2986,10070.337937902743
2987,10070.337937902743
2988,10070.337937902743
2989,10070.337937902743
2990,10070.337937902743
2991,10070.337937902743
2992,10070.337937902743
2993,10070.337937902743
2994,10070.337937902743
2995,10070.171501852532
2996,10072.088666108919
2997,10076.032131106875
2998,10076.004240671773
2999,10075.099136327879
